ID,Name,BirthDate,Email,Password
0,Utku,08-04-2000,utku1.ozyurt@gmail.com,moo
1,Utku2,09-04-2000,utku2.ozyurt@gmail.com,moo2
2,Utku3,10-04-2000,utku3.ozyurt@gmail.com,moo3
3,Utku4,11-04-2000,utku4.ozyurt@gmail.com,moo4
4,Utku5,12-04-2000,utku5.ozyurt@gmail.com,moo5
5,Utku6,13-04-2000,utku6.ozyurt@gmail.com,moo6
6,Utku7,14-04-2000,utku7.ozyurt@gmail.com,moo7
7,Utku8,15-04-2000,utku8.ozyurt@gmail.com,moo8
8,Utku9,16-04-2000,utku9.ozyurt@gmail.com,moo9
9,Utku10,17-04-2000,utku10.ozyurt@gmail.com,moo10
10,Utku11,18-04-2000,utku11.ozyurt@gmail.com,moo11
11,Utku12,19-04-2000,utku12.ozyurt@gmail.com,moo12
